date,precip_mm
1981-01-01,1.5897
1981-02-01,50.5743
1981-03-01,230.2767
1981-04-01,189.8377
1981-05-01,132.9534
1981-06-01,100.3377
1981-07-01,228.0136
1981-08-01,254.6452
1981-09-01,264.9486
1981-10-01,100.4397
1981-11-01,35.184
1981-12-01,10.5593
1982-01-01,56.971
1982-02-01,71.2607
1982-03-01,79.7613
1982-04-01,179.1868
1982-05-01,142.9509
1982-06-01,137.919
1982-07-01,174.7693
1982-08-01,189.54
1982-09-01,138.0386
1982-10-01,127.6684
1982-11-01,76.0922
1982-12-01,28.1076
1983-01-01,43.0641
1983-02-01,61.6977
1983-03-01,79.5628
1983-04-01,196.9235
1983-05-01,237.9591
1983-06-01,114.5326
1983-07-01,134.319
1983-08-01,234.4858
1983-09-01,149.9546
1983-10-01,103.7434
1983-11-01,57.5042
1983-12-01,19.1653
1984-01-01,11.5231
1984-02-01,3.8004
1984-03-01,36.8916
1984-04-01,64.5188
1984-05-01,188.8416
1984-06-01,116.6431
1984-07-01,149.2331
1984-08-01,159.0881
1984-09-01,168.6691
1984-10-01,29.2277
1984-11-01,16.7576
1984-12-01,21.3481
1985-01-01,29.8439
1985-02-01,13.5736
1985-03-01,74.0051
1985-04-01,187.6121
1985-05-01,163.3576
1985-06-01,85.3455
1985-07-01,214.7965
1985-08-01,140.7443
1985-09-01,124.1626
1985-10-01,60.8763
1985-11-01,26.3031
1985-12-01,15.1364
1986-01-01,12.8436
1986-02-01,77.9868
1986-03-01,63.1072
1986-04-01,188.1167
1986-05-01,128.9572
1986-06-01,158.8024
1986-07-01,169.7237
1986-08-01,124.863
1986-09-01,172.5092
1986-10-01,74.0687
1986-11-01,19.2082
1986-12-01,14.1046
1987-01-01,19.553
1987-02-01,61.2691
1987-03-01,210.0565
1987-04-01,121.4389
1987-05-01,267.6554
1987-06-01,91.0949
1987-07-01,131.6794
1987-08-01,167.8003
1987-09-01,137.1182
1987-10-01,124.1628
1987-11-01,17.8947
1987-12-01,20.7794
1988-01-01,29.8834
1988-02-01,80.564
1988-03-01,51.6452
1988-04-01,161.5097
1988-05-01,71.9426
1988-06-01,153.5499
1988-07-01,218.2058
1988-08-01,200.4908
1988-09-01,196.1656
1988-10-01,121.617
1988-11-01,13.1391
1988-12-01,12.1065
1989-01-01,27.1243
1989-02-01,64.0136
1989-03-01,120.3916
1989-04-01,200.1939
1989-05-01,74.8557
1989-06-01,126.482
1989-07-01,158.7879
1989-08-01,175.2494
1989-09-01,166.6517
1989-10-01,75.7165
1989-11-01,43.6823
1989-12-01,96.3916
1990-01-01,19.9355
1990-02-01,159.4587
1990-03-01,165.3977
1990-04-01,202.0621
1990-05-01,95.269
1990-06-01,63.475
1990-07-01,157.8364
1990-08-01,170.726
1990-09-01,117.588
1990-10-01,48.5651
1990-11-01,19.205
1990-12-01,17.8904
1991-01-01,24.2762
1991-02-01,87.7599
1991-03-01,129.5812
1991-04-01,59.8426
1991-05-01,117.3375
1991-06-01,119.7829
1991-07-01,155.9327
1991-08-01,143.2512
1991-09-01,133.6947
1991-10-01,33.6981
1991-11-01,14.3777
1991-12-01,38.3283
1992-01-01,59.0755
1992-02-01,87.4926
1992-03-01,54.8598
1992-04-01,132.7483
1992-05-01,125.5634
1992-06-01,131.355
1992-07-01,172.7314
1992-08-01,218.2739
1992-09-01,180.6499
1992-10-01,102.9341
1992-11-01,51.4823
1992-12-01,46.234
1993-01-01,75.0899
1993-02-01,95.7219
1993-03-01,24.9538
1993-04-01,124.594
1993-05-01,161.3851
1993-06-01,115.9782
1993-07-01,139.6939
1993-08-01,150.2829
1993-09-01,155.6639
1993-10-01,158.5857
1993-11-01,13.5392
1993-12-01,11.5638
1994-01-01,10.4962
1994-02-01,14.367
1994-03-01,79.2039
1994-04-01,163.0583
1994-05-01,156.719
1994-06-01,143.0927
1994-07-01,222.6009
1994-08-01,177.6412
1994-09-01,140.7562
1994-10-01,50.5647
1994-11-01,57.5629
1994-12-01,14.4379
1995-01-01,11.1952
1995-02-01,48.3933
1995-03-01,117.6661
1995-04-01,213.2888
1995-05-01,105.2258
1995-06-01,82.277
1995-07-01,182.1447
1995-08-01,170.7886
1995-09-01,148.8612
1995-10-01,76.4884
1995-11-01,16.6699
1995-12-01,46.0758
1996-01-01,65.3483
1996-02-01,31.0989
1996-03-01,155.763
1996-04-01,147.0547
1996-05-01,175.9778
1996-06-01,168.4622
1996-07-01,214.9344
1996-08-01,201.9468
1996-09-01,121.0102
1996-10-01,54.8068
1996-11-01,46.9728
1996-12-01,15.9434
1997-01-01,58.8004
1997-02-01,14.916
1997-03-01,97.0149
1997-04-01,195.9118
1997-05-01,106.7784
1997-06-01,135.3815
1997-07-01,123.5721
1997-08-01,168.5391
1997-09-01,109.3236
1997-10-01,188.2805
1997-11-01,176.0702
1997-12-01,30.6617
1998-01-01,117.5573
1998-02-01,128.9703
1998-03-01,58.6141
1998-04-01,112.5686
1998-05-01,147.6767
1998-06-01,106.5557
1998-07-01,193.0914
1998-08-01,190.4644
1998-09-01,156.478
1998-10-01,170.5945
1998-11-01,20.2141
1998-12-01,9.7051
1999-01-01,29.8755
1999-02-01,16.4864
1999-03-01,142.7932
1999-04-01,41.7311
1999-05-01,95.3739
1999-06-01,147.7818
1999-07-01,193.6325
1999-08-01,133.2522
1999-09-01,136.9418
1999-10-01,162.8347
1999-11-01,17.552
1999-12-01,12.6841
2000-01-01,12.2287
2000-02-01,12.8719
2000-03-01,18.6409
2000-04-01,129.9325
2000-05-01,142.838
2000-06-01,93.7044
2000-07-01,167.6709
2000-08-01,174.6298
2000-09-01,145.7871
2000-10-01,142.0307
2000-11-01,56.3168
2000-12-01,30.3701
2001-01-01,18.2019
2001-02-01,35.692
2001-03-01,155.7282
2001-04-01,76.6914
2001-05-01,178.2081
2001-06-01,141.8548
2001-07-01,153.8898
2001-08-01,190.2211
2001-09-01,139.2685
2001-10-01,94.4015
2001-11-01,23.144
2001-12-01,18.9537
2002-01-01,48.5696
2002-02-01,27.5011
2002-03-01,130.2525
2002-04-01,91.177
2002-05-01,116.9151
2002-06-01,91.3538
2002-07-01,118.0747
2002-08-01,149.7069
2002-09-01,133.5739
2002-10-01,78.5372
2002-11-01,11.4712
2002-12-01,96.1061
2003-01-01,43.9669
2003-02-01,22.723
2003-03-01,88.9825
2003-04-01,186.492
2003-05-01,77.6541
2003-06-01,127.6056
2003-07-01,182.1853
2003-08-01,171.8406
2003-09-01,149.8442
2003-10-01,51.2309
2003-11-01,39.3628
2003-12-01,57.5692
2004-01-01,79.0074
2004-02-01,28.7543
2004-03-01,51.314
2004-04-01,150.5444
2004-05-01,58.5585
2004-06-01,91.6614
2004-07-01,165.6454
2004-08-01,137.1956
2004-09-01,149.8485
2004-10-01,84.6023
2004-11-01,52.1513
2004-12-01,30.5669
2005-01-01,51.6931
2005-02-01,24.7807
2005-03-01,106.2387
2005-04-01,161.0852
2005-05-01,191.3887
2005-06-01,82.3279
2005-07-01,167.4847
2005-08-01,137.6097
2005-09-01,142.0454
2005-10-01,68.3775
2005-11-01,42.3391
2005-12-01,13.1398
2006-01-01,14.8254
2006-02-01,45.9759
2006-03-01,106.3512
2006-04-01,211.3763
2006-05-01,105.458
2006-06-01,125.0843
2006-07-01,167.112
2006-08-01,208.4328
2006-09-01,141.2567
2006-10-01,129.622
2006-11-01,38.4485
2006-12-01,28.5235
2007-01-01,30.5863
2007-02-01,57.5514
2007-03-01,76.7495
2007-04-01,125.8536
2007-05-01,150.734
2007-06-01,188.3828
2007-07-01,167.9632
2007-08-01,210.9972
2007-09-01,220.2455
2007-10-01,78.2039
2007-11-01,39.8168
2007-12-01,8.4755
2008-01-01,17.9526
2008-02-01,18.9717
2008-03-01,24.8539
2008-04-01,71.6111
2008-05-01,143.9557
2008-06-01,148.0666
2008-07-01,202.4527
2008-08-01,181.7698
2008-09-01,156.007
2008-10-01,136.6747
2008-11-01,117.1933
2008-12-01,9.4565
2009-01-01,46.8815
2009-02-01,25.0644
2009-03-01,70.7578
2009-04-01,96.412
2009-05-01,108.2338
2009-06-01,74.4997
2009-07-01,125.9175
2009-08-01,149.4727
2009-09-01,129.8036
2009-10-01,110.8292
2009-11-01,21.0367
2009-12-01,137.4662
2010-01-01,41.7864
2010-02-01,99.9446
2010-03-01,139.8546
2010-04-01,182.9271
2010-05-01,178.5651
2010-06-01,93.9763
2010-07-01,190.4042
2010-08-01,191.137
2010-09-01,156.178
2010-10-01,46.3439
2010-11-01,12.6761
2010-12-01,27.2346
2011-01-01,21.473
2011-02-01,25.49
2011-03-01,44.2969
2011-04-01,73.1474
2011-05-01,244.769
2011-06-01,136.5789
2011-07-01,211.7473
2011-08-01,199.56
2011-09-01,148.7059
2011-10-01,80.4524
2011-11-01,71.5713
2011-12-01,9.463
2012-01-01,11.8231
2012-02-01,12.5579
2012-03-01,45.3488
2012-04-01,168.1002
2012-05-01,97.3389
2012-06-01,102.5594
2012-07-01,196.3012
2012-08-01,209.1226
2012-09-01,180.2588
2012-10-01,60.5598
2012-11-01,38.2561
2012-12-01,17.1617
2013-01-01,27.8858
2013-02-01,16.5903
2013-03-01,120.8518
2013-04-01,175.6365
2013-05-01,133.3845
2013-06-01,150.5278
2013-07-01,222.3773
2013-08-01,225.5569
2013-09-01,124.0078
2013-10-01,99.2962
2013-11-01,72.8871
2013-12-01,9.0668
2014-01-01,20.8837
2014-02-01,61.4064
2014-03-01,100.4026
2014-04-01,102.1896
2014-05-01,160.0845
2014-06-01,95.8758
2014-07-01,122.0558
2014-08-01,186.1837
2014-09-01,147.9237
2014-10-01,106.9328
2014-11-01,57.4139
2014-12-01,12.6264
2015-01-01,11.5502
2015-02-01,14.9468
2015-03-01,61.4802
2015-04-01,91.0158
2015-05-01,117.1064
2015-06-01,148.8592
2015-07-01,136.1313
2015-08-01,132.9646
2015-09-01,142.2531
2015-10-01,87.8796
2015-11-01,70.4147
2015-12-01,18.6097
2016-01-01,44.9895
2016-02-01,32.5046
2016-03-01,77.5271
2016-04-01,246.2666
2016-05-01,179.7439
2016-06-01,111.5302
2016-07-01,127.5538
2016-08-01,118.139
2016-09-01,100.6066
2016-10-01,110.745
2016-11-01,65.9639
2016-12-01,24.0585
2017-01-01,10.9358
2017-02-01,52.8021
2017-03-01,91.0716
2017-04-01,100.5623
2017-05-01,151.7111
2017-06-01,83.5645
2017-07-01,182.3587
2017-08-01,218.4298
2017-09-01,249.1417
2017-10-01,124.3589
2017-11-01,34.7612
2017-12-01,8.7673
2018-01-01,10.5394
2018-02-01,78.6359
2018-03-01,137.3207
2018-04-01,322.5137
2018-05-01,132.8908
2018-06-01,203.9365
2018-07-01,109.0919
2018-08-01,213.3957
2018-09-01,123.9539
2018-10-01,83.6878
2018-11-01,70.7861
2018-12-01,10.4741
2019-01-01,11.5798
2019-02-01,23.2338
2019-03-01,32.0665
2019-04-01,137.2037
2019-05-01,162.2033
2019-06-01,185.3668
2019-07-01,195.3225
2019-08-01,208.1691
2019-09-01,195.087
2019-10-01,194.4888
2019-11-01,88.4817
2019-12-01,28.0822
2020-01-01,35.4568
2020-02-01,36.7655
2020-03-01,141.0235
2020-04-01,246.1709
2020-05-01,146.1119
2020-06-01,139.7278
2020-07-01,179.7065
2020-08-01,229.6847
2020-09-01,158.0928
2020-10-01,118.1029
2020-11-01,29.3977
2020-12-01,20.6566
2021-01-01,12.121
2021-02-01,26.1517
2021-03-01,33.3765
2021-04-01,166.1032
2021-05-01,133.4812
2021-06-01,76.3781
2021-07-01,136.5745
2021-08-01,148.0171
2021-09-01,182.2781
2021-10-01,94.0012
2021-11-01,28.6614
2021-12-01,14.6382
2022-01-01,53.2663
2022-02-01,32.5584
2022-03-01,67.0684
2022-04-01,102.4585
2022-05-01,41.1105
2022-06-01,123.8717
2022-07-01,138.6091
2022-08-01,180.3468
2022-09-01,162.0151
2022-10-01,102.7604
2022-11-01,45.769
2022-12-01,23.2027
2023-01-01,16.2386
2023-02-01,25.4071
2023-03-01,235.5247
2023-04-01,200.1859
2023-05-01,163.3549
2023-06-01,109.2477
2023-07-01,150.2462
2023-08-01,120.2089
2023-09-01,192.0342
2023-10-01,123.7388
2023-11-01,86.927
2023-12-01,17.5859
2024-01-01,27.056
2024-02-01,56.6571
2024-03-01,120.7377
2024-04-01,193.7251
2024-05-01,124.7761
2024-06-01,95.2591
2024-07-01,278.4635
2024-08-01,262.3933
2024-09-01,144.0812
2024-10-01,132.7578
2024-11-01,25.8528
2024-12-01,12.0434
2025-01-01,12.1462
2025-02-01,20.8476
2025-03-01,115.3647
2025-04-01,111.1219
2025-05-01,130.7063
2025-06-01,88.5075
2025-07-01,182.7468
2025-08-01,211.9622
2025-09-01,185.0792
2025-10-01,86.2201
2025-11-01,15.9056
2025-12-01,49.6766
2026-01-01,15.53
2026-02-01,17.9359
2026-03-01,223.6627
